NUTS,Location,Year,Company Type,Number of Companies,Productivity
NUTS I,Portugal Continental,2009,Mining and quarrying,1377,42777.6
NUTS III,Alto Minho,2009,Mining and quarrying,72,18616.7
NUTS III,Cávado,2009,Mining and quarrying,56,12645.5
NUTS III,Ave,2009,Mining and quarrying,55,16608.6
NUTS III,Área Metropolitana do Porto,2009,Mining and quarrying,54,18616.7
NUTS III,Alto Tâmega,2009,Mining and quarrying,54,19563
NUTS III,Tâmega e Sousa,2009,Mining and quarrying,91,14098.4
NUTS III,Douro,2009,Mining and quarrying,54,20810.9
NUTS III,Terras de Trás-os-Montes,2009,Mining and quarrying,15,22407.7
NUTS III,Oeste,2009,Mining and quarrying,101,32026.6
NUTS III,Região de Aveiro,2009,Mining and quarrying,40,32946
NUTS III,Região de Coimbra,2009,Mining and quarrying,67,27573.1
NUTS III,Região de Leiria,2009,Mining and quarrying,192,41254.6
NUTS III,Viseu Dão Lafões,2009,Mining and quarrying,52,32946
NUTS III,Beira Baixa,2009,Mining and quarrying,6,40276.3
NUTS III,Médio Tejo,2009,Mining and quarrying,17,32946
NUTS III,Beiras e Serra da Estrela,2009,Mining and quarrying,59,20231.9
NUTS III,Área Metropolitana de Lisboa,2009,Mining and quarrying,125,37902.1
NUTS III,Alentejo Litoral,2009,Mining and quarrying,11,38319.2
NUTS III,Baixo Alentejo,2009,Mining and quarrying,11,205143.7
NUTS III,Lezíria do Tejo,2009,Mining and quarrying,102,34722.7
NUTS III,Alto Alentejo,2009,Mining and quarrying,19,16735.8
NUTS III,Alentejo Central,2009,Mining and quarrying,69,18360.1
NUTS III,Algarve,2009,Mining and quarrying,55,26051.9
NUTS I,Portugal Continental,2009,Construction,111314,19934.8
NUTS III,Alto Minho,2009,Construction,4159,13007.1
NUTS III,Cávado,2009,Construction,4627,20114.1
NUTS III,Ave,2009,Construction,3568,15869.8
NUTS III,Área Metropolitana do Porto,2009,Construction,14011,22720.8
NUTS III,Alto Tâmega,2009,Construction,990,14227.6
NUTS III,Tâmega e Sousa,2009,Construction,4671,14996.6
NUTS III,Douro,2009,Construction,1875,12893.1
NUTS III,Terras de Trás-os-Montes,2009,Construction,1315,12523.7
NUTS III,Oeste,2009,Construction,5523,16202.2
NUTS III,Região de Aveiro,2009,Construction,5056,14499.1
NUTS III,Região de Coimbra,2009,Construction,6288,16065.2
NUTS III,Região de Leiria,2009,Construction,5421,20176.9
NUTS III,Viseu Dão Lafões,2009,Construction,3379,16043.6
NUTS III,Beira Baixa,2009,Construction,1032,13739.6
NUTS III,Médio Tejo,2009,Construction,3256,17089.2
NUTS III,Beiras e Serra da Estrela,2009,Construction,2804,15734
NUTS III,Área Metropolitana de Lisboa,2009,Construction,27491,25666
NUTS III,Alentejo Litoral,2009,Construction,979,18453.8
NUTS III,Baixo Alentejo,2009,Construction,1080,12059.7
NUTS III,Lezíria do Tejo,2009,Construction,2239,17830.9
NUTS III,Alto Alentejo,2009,Construction,900,11837.9
NUTS III,Alentejo Central,2009,Construction,1535,12953.7
NUTS III,Algarve,2009,Construction,9115,15881
NUTS I,Portugal Continental,2009,Human health and social work activities,79309,19676.9
NUTS III,Alto Minho,2009,Human health and social work activities,1504,18159
NUTS III,Cávado,2009,Human health and social work activities,2803,15890.5
NUTS III,Ave,2009,Human health and social work activities,2304,14828.1
NUTS III,Área Metropolitana do Porto,2009,Human health and social work activities,16888,21330
NUTS III,Alto Tâmega,2009,Human health and social work activities,436,15678
NUTS III,Tâmega e Sousa,2009,Human health and social work activities,1738,12587.5
NUTS III,Douro,2009,Human health and social work activities,1124,15520.9
NUTS III,Terras de Trás-os-Montes,2009,Human health and social work activities,700,17071.8
NUTS III,Oeste,2009,Human health and social work activities,1878,16106.8
NUTS III,Região de Aveiro,2009,Human health and social work activities,2139,17189.3
NUTS III,Região de Coimbra,2009,Human health and social work activities,4949,21370.1
NUTS III,Região de Leiria,2009,Human health and social work activities,1729,15840.5
NUTS III,Viseu Dão Lafões,2009,Human health and social work activities,1579,17392
NUTS III,Beira Baixa,2009,Human health and social work activities,478,15216.5
NUTS III,Médio Tejo,2009,Human health and social work activities,1310,17264.5
NUTS III,Beiras e Serra da Estrela,2009,Human health and social work activities,1157,16030.4
NUTS III,Área Metropolitana de Lisboa,2009,Human health and social work activities,29378,21502.5
NUTS III,Alentejo Litoral,2009,Human health and social work activities,425,14280.1
NUTS III,Baixo Alentejo,2009,Human health and social work activities,609,14996
NUTS III,Lezíria do Tejo,2009,Human health and social work activities,1330,16397.6
NUTS III,Alto Alentejo,2009,Human health and social work activities,573,15732.3
NUTS III,Alentejo Central,2009,Human health and social work activities,1034,14856.6
NUTS III,Algarve,2009,Human health and social work activities,3244,19688.5
NUTS I,Portugal Continental,2009,"Agriculture, farming, hunting, forestry and fishing",49076,9944.2
NUTS III,Alto Minho,2009,"Agriculture, farming, hunting, forestry and fishing",912,8007.5
NUTS III,Cávado,2009,"Agriculture, farming, hunting, forestry and fishing",1541,13030.5
NUTS III,Ave,2009,"Agriculture, farming, hunting, forestry and fishing",726,11062.3
NUTS III,Área Metropolitana do Porto,2009,"Agriculture, farming, hunting, forestry and fishing",3329,10311
NUTS III,Alto Tâmega,2009,"Agriculture, farming, hunting, forestry and fishing",645,5590.8
NUTS III,Tâmega e Sousa,2009,"Agriculture, farming, hunting, forestry and fishing",981,5733.3
NUTS III,Douro,2009,"Agriculture, farming, hunting, forestry and fishing",2161,8016.1
NUTS III,Terras de Trás-os-Montes,2009,"Agriculture, farming, hunting, forestry and fishing",1261,6891.3
NUTS III,Oeste,2009,"Agriculture, farming, hunting, forestry and fishing",4446,13989.9
NUTS III,Região de Aveiro,2009,"Agriculture, farming, hunting, forestry and fishing",1739,15702.5
NUTS III,Região de Coimbra,2009,"Agriculture, farming, hunting, forestry and fishing",1814,12317.8
NUTS III,Região de Leiria,2009,"Agriculture, farming, hunting, forestry and fishing",1234,14198
NUTS III,Viseu Dão Lafões,2009,"Agriculture, farming, hunting, forestry and fishing",1310,9808.9
NUTS III,Beira Baixa,2009,"Agriculture, farming, hunting, forestry and fishing",769,4177.2
NUTS III,Médio Tejo,2009,"Agriculture, farming, hunting, forestry and fishing",1076,14908.7
NUTS III,Beiras e Serra da Estrela,2009,"Agriculture, farming, hunting, forestry and fishing",1420,6464.9
NUTS III,Área Metropolitana de Lisboa,2009,"Agriculture, farming, hunting, forestry and fishing",5239,11208.3
NUTS III,Alentejo Litoral,2009,"Agriculture, farming, hunting, forestry and fishing",2686,9751.1
NUTS III,Baixo Alentejo,2009,"Agriculture, farming, hunting, forestry and fishing",3351,5527.1
NUTS III,Lezíria do Tejo,2009,"Agriculture, farming, hunting, forestry and fishing",3266,11429.6
NUTS III,Alto Alentejo,2009,"Agriculture, farming, hunting, forestry and fishing",2020,4990.5
NUTS III,Alentejo Central,2009,"Agriculture, farming, hunting, forestry and fishing",3267,6161.6
NUTS III,Algarve,2009,"Agriculture, farming, hunting, forestry and fishing",3883,9322.2
NUTS I,Portugal Continental,2009,Manufacturing,75150,23493.4
NUTS III,Alto Minho,2009,Manufacturing,1712,18875.3
NUTS III,Cávado,2009,Manufacturing,5001,18875.3
NUTS III,Ave,2009,Manufacturing,5765,18875.3
NUTS III,Área Metropolitana do Porto,2009,Manufacturing,16906,18875.3
NUTS III,Alto Tâmega,2009,Manufacturing,495,18875.3
NUTS III,Tâmega e Sousa,2009,Manufacturing,4785,18875.3
NUTS III,Douro,2009,Manufacturing,1053,18875.3
NUTS III,Terras de Trás-os-Montes,2009,Manufacturing,687,18875.3
NUTS III,Oeste,2009,Manufacturing,2905,20417.7
NUTS III,Região de Aveiro,2009,Manufacturing,3817,26857.1
NUTS III,Região de Coimbra,2009,Manufacturing,3015,32642.1
NUTS III,Região de Leiria,2009,Manufacturing,3518,24733.5
NUTS III,Viseu Dão Lafões,2009,Manufacturing,1610,24508.4
NUTS III,Beira Baixa,2009,Manufacturing,584,14907.3
NUTS III,Médio Tejo,2009,Manufacturing,1824,23401.3
NUTS III,Beiras e Serra da Estrela,2009,Manufacturing,1497,15333.1
NUTS III,Área Metropolitana de Lisboa,2009,Manufacturing,13140,36947.1
NUTS III,Alentejo Litoral,2009,Manufacturing,487,21975.6
NUTS III,Baixo Alentejo,2009,Manufacturing,760,21975.6
NUTS III,Lezíria do Tejo,2009,Manufacturing,1569,21975.6
NUTS III,Alto Alentejo,2009,Manufacturing,676,21975.6
NUTS III,Alentejo Central,2009,Manufacturing,1191,21975.6
NUTS III,Algarve,2009,Manufacturing,2153,14434.4
NUTS I,Portugal Continental,2010,Mining and quarrying,1282,50089.1
NUTS III,Alto Minho,2010,Mining and quarrying,64,24816.5
NUTS III,Cávado,2010,Mining and quarrying,56,12817.3
NUTS III,Ave,2010,Mining and quarrying,53,15925.2
NUTS III,Área Metropolitana do Porto,2010,Mining and quarrying,48,24720.9
NUTS III,Alto Tâmega,2010,Mining and quarrying,55,17352.7
NUTS III,Tâmega e Sousa,2010,Mining and quarrying,87,14162.1
NUTS III,Douro,2010,Mining and quarrying,50,18374.6
NUTS III,Terras de Trás-os-Montes,2010,Mining and quarrying,17,28520.3
NUTS III,Oeste,2010,Mining and quarrying,94,28832.9
NUTS III,Região de Aveiro,2010,Mining and quarrying,40,32053.8
NUTS III,Região de Coimbra,2010,Mining and quarrying,62,32053.8
NUTS III,Região de Leiria,2010,Mining and quarrying,178,41292.5
NUTS III,Viseu Dão Lafões,2010,Mining and quarrying,47,32053.8
NUTS III,Beira Baixa,2010,Mining and quarrying,7,32053.8
NUTS III,Médio Tejo,2010,Mining and quarrying,16,32053.8
NUTS III,Beiras e Serra da Estrela,2010,Mining and quarrying,56,32053.8
NUTS III,Área Metropolitana de Lisboa,2010,Mining and quarrying,107,37362.3
NUTS III,Alentejo Litoral,2010,Mining and quarrying,11,34336.2
NUTS III,Baixo Alentejo,2010,Mining and quarrying,9,241268.2
NUTS III,Lezíria do Tejo,2010,Mining and quarrying,94,38694.8
NUTS III,Alto Alentejo,2010,Mining and quarrying,13,33608.6
NUTS III,Alentejo Central,2010,Mining and quarrying,63,21832.8
NUTS III,Algarve,2010,Mining and quarrying,55,23915.4
NUTS I,Portugal Continental,2010,Construction,100898,19847.8
NUTS III,Alto Minho,2010,Construction,3996,13098.1
NUTS III,Cávado,2010,Construction,4464,19199
NUTS III,Ave,2010,Construction,3379,16361.6
NUTS III,Área Metropolitana do Porto,2010,Construction,12929,23779.4
NUTS III,Alto Tâmega,2010,Construction,932,14282.9
NUTS III,Tâmega e Sousa,2010,Construction,4441,14283.7
NUTS III,Douro,2010,Construction,1814,14090.7
NUTS III,Terras de Trás-os-Montes,2010,Construction,1260,13217.5
NUTS III,Oeste,2010,Construction,4954,15712.7
NUTS III,Região de Aveiro,2010,Construction,4640,14794
NUTS III,Região de Coimbra,2010,Construction,5771,15845
NUTS III,Região de Leiria,2010,Construction,5034,19722.4
NUTS III,Viseu Dão Lafões,2010,Construction,3239,15885.2
NUTS III,Beira Baixa,2010,Construction,980,15260.5
NUTS III,Médio Tejo,2010,Construction,3032,16734.4
NUTS III,Beiras e Serra da Estrela,2010,Construction,2596,16744.3
NUTS III,Área Metropolitana de Lisboa,2010,Construction,23775,25355.4
NUTS III,Alentejo Litoral,2010,Construction,904,17140.3
NUTS III,Baixo Alentejo,2010,Construction,932,12054.8
NUTS III,Lezíria do Tejo,2010,Construction,1985,16270.2
NUTS III,Alto Alentejo,2010,Construction,819,11422.6
NUTS III,Alentejo Central,2010,Construction,1412,13755.5
NUTS III,Algarve,2010,Construction,7610,15675
NUTS I,Portugal Continental,2010,Human health and social work activities,80117,19913.9
NUTS III,Alto Minho,2010,Human health and social work activities,1535,18098.9
NUTS III,Cávado,2010,Human health and social work activities,2901,22119.2
NUTS III,Ave,2010,Human health and social work activities,2422,15629.8
NUTS III,Área Metropolitana do Porto,2010,Human health and social work activities,17071,21368.1
NUTS III,Alto Tâmega,2010,Human health and social work activities,454,15862.8
NUTS III,Tâmega e Sousa,2010,Human health and social work activities,1810,12919.8
NUTS III,Douro,2010,Human health and social work activities,1113,16005.4
NUTS III,Terras de Trás-os-Montes,2010,Human health and social work activities,734,16647.7
NUTS III,Oeste,2010,Human health and social work activities,1871,16411.2
NUTS III,Região de Aveiro,2010,Human health and social work activities,2180,16790.4
NUTS III,Região de Coimbra,2010,Human health and social work activities,4992,20421
NUTS III,Região de Leiria,2010,Human health and social work activities,1798,15662.6
NUTS III,Viseu Dão Lafões,2010,Human health and social work activities,1666,16613.9
NUTS III,Beira Baixa,2010,Human health and social work activities,472,15769.2
NUTS III,Médio Tejo,2010,Human health and social work activities,1342,15954.1
NUTS III,Beiras e Serra da Estrela,2010,Human health and social work activities,1227,15501.2
NUTS III,Área Metropolitana de Lisboa,2010,Human health and social work activities,29157,21785.5
NUTS III,Alentejo Litoral,2010,Human health and social work activities,445,12041.5
NUTS III,Baixo Alentejo,2010,Human health and social work activities,607,15235.9
NUTS III,Lezíria do Tejo,2010,Human health and social work activities,1344,15330.2
NUTS III,Alto Alentejo,2010,Human health and social work activities,595,15242.4
NUTS III,Alentejo Central,2010,Human health and social work activities,1080,15462.8
NUTS III,Algarve,2010,Human health and social work activities,3301,18381.9
NUTS I,Portugal Continental,2010,"Agriculture, farming, hunting, forestry and fishing",47875,10899.1
NUTS III,Alto Minho,2010,"Agriculture, farming, hunting, forestry and fishing",916,9799.3
NUTS III,Cávado,2010,"Agriculture, farming, hunting, forestry and fishing",1503,11424
NUTS III,Ave,2010,"Agriculture, farming, hunting, forestry and fishing",713,10729.1
NUTS III,Área Metropolitana do Porto,2010,"Agriculture, farming, hunting, forestry and fishing",3220,11108.6
NUTS III,Alto Tâmega,2010,"Agriculture, farming, hunting, forestry and fishing",617,7295.8
NUTS III,Tâmega e Sousa,2010,"Agriculture, farming, hunting, forestry and fishing",958,6292.9
NUTS III,Douro,2010,"Agriculture, farming, hunting, forestry and fishing",2112,8682.2
NUTS III,Terras de Trás-os-Montes,2010,"Agriculture, farming, hunting, forestry and fishing",1311,7777.8
NUTS III,Oeste,2010,"Agriculture, farming, hunting, forestry and fishing",4266,14855.2
NUTS III,Região de Aveiro,2010,"Agriculture, farming, hunting, forestry and fishing",1664,17233.2
NUTS III,Região de Coimbra,2010,"Agriculture, farming, hunting, forestry and fishing",1733,14871.1
NUTS III,Região de Leiria,2010,"Agriculture, farming, hunting, forestry and fishing",1176,14527.4
NUTS III,Viseu Dão Lafões,2010,"Agriculture, farming, hunting, forestry and fishing",1270,11170.4
NUTS III,Beira Baixa,2010,"Agriculture, farming, hunting, forestry and fishing",756,7709.8
NUTS III,Médio Tejo,2010,"Agriculture, farming, hunting, forestry and fishing",1016,17023.9
NUTS III,Beiras e Serra da Estrela,2010,"Agriculture, farming, hunting, forestry and fishing",1422,6375.3
NUTS III,Área Metropolitana de Lisboa,2010,"Agriculture, farming, hunting, forestry and fishing",5123,12111.7
NUTS III,Alentejo Litoral,2010,"Agriculture, farming, hunting, forestry and fishing",2701,10744.7
NUTS III,Baixo Alentejo,2010,"Agriculture, farming, hunting, forestry and fishing",3294,6459.2
NUTS III,Lezíria do Tejo,2010,"Agriculture, farming, hunting, forestry and fishing",3124,12570.8
NUTS III,Alto Alentejo,2010,"Agriculture, farming, hunting, forestry and fishing",1996,5361.2
NUTS III,Alentejo Central,2010,"Agriculture, farming, hunting, forestry and fishing",3219,7523.8
NUTS III,Algarve,2010,"Agriculture, farming, hunting, forestry and fishing",3765,9331.3
NUTS I,Portugal Continental,2010,Manufacturing,70310,26294
NUTS III,Alto Minho,2010,Manufacturing,1655,28634.9
NUTS III,Cávado,2010,Manufacturing,4646,17450.6
NUTS III,Ave,2010,Manufacturing,5359,19541
NUTS III,Área Metropolitana do Porto,2010,Manufacturing,15762,24186.9
NUTS III,Alto Tâmega,2010,Manufacturing,467,18544
NUTS III,Tâmega e Sousa,2010,Manufacturing,4532,13269.2
NUTS III,Douro,2010,Manufacturing,1014,19524.9
NUTS III,Terras de Trás-os-Montes,2010,Manufacturing,674,21071.8
NUTS III,Oeste,2010,Manufacturing,2738,21131.8
NUTS III,Região de Aveiro,2010,Manufacturing,3607,28853.2
NUTS III,Região de Coimbra,2010,Manufacturing,2771,36240.5
NUTS III,Região de Leiria,2010,Manufacturing,3331,26142.1
NUTS III,Viseu Dão Lafões,2010,Manufacturing,1561,24856
NUTS III,Beira Baixa,2010,Manufacturing,559,23232.5
NUTS III,Médio Tejo,2010,Manufacturing,1717,23332.6
NUTS III,Beiras e Serra da Estrela,2010,Manufacturing,1431,16794.6
NUTS III,Área Metropolitana de Lisboa,2010,Manufacturing,12063,44707.3
NUTS III,Alentejo Litoral,2010,Manufacturing,465,33257.1
NUTS III,Baixo Alentejo,2010,Manufacturing,711,19142
NUTS III,Lezíria do Tejo,2010,Manufacturing,1477,25685.9
NUTS III,Alto Alentejo,2010,Manufacturing,651,21054.3
NUTS III,Alentejo Central,2010,Manufacturing,1119,26265.2
NUTS III,Algarve,2010,Manufacturing,2000,13368.8
NUTS I,Portugal Continental,2011,Mining and quarrying,1222,48003.2
NUTS III,Alto Minho,2011,Mining and quarrying,66,22704.3
NUTS III,Cávado,2011,Mining and quarrying,52,13380.6
NUTS III,Ave,2011,Mining and quarrying,49,13089
NUTS III,Área Metropolitana do Porto,2011,Mining and quarrying,43,22157.8
NUTS III,Alto Tâmega,2011,Mining and quarrying,55,17398.6
NUTS III,Tâmega e Sousa,2011,Mining and quarrying,88,15345
NUTS III,Douro,2011,Mining and quarrying,44,18854.8
NUTS III,Terras de Trás-os-Montes,2011,Mining and quarrying,17,34453.8
NUTS III,Oeste,2011,Mining and quarrying,78,23863.7
NUTS III,Região de Aveiro,2011,Mining and quarrying,39,32658.1
NUTS III,Região de Coimbra,2011,Mining and quarrying,63,32658.1
NUTS III,Região de Leiria,2011,Mining and quarrying,170,39546.5
NUTS III,Viseu Dão Lafões,2011,Mining and quarrying,46,32658.1
NUTS III,Beira Baixa,2011,Mining and quarrying,4,32658.1
NUTS III,Médio Tejo,2011,Mining and quarrying,14,32658.1
NUTS III,Beiras e Serra da Estrela,2011,Mining and quarrying,53,32658.1
NUTS III,Área Metropolitana de Lisboa,2011,Mining and quarrying,115,31165.5
NUTS III,Alentejo Litoral,2011,Mining and quarrying,11,34980.1
NUTS III,Baixo Alentejo,2011,Mining and quarrying,7,206331.4
NUTS III,Lezíria do Tejo,2011,Mining and quarrying,91,37947
NUTS III,Alto Alentejo,2011,Mining and quarrying,11,35812.1
NUTS III,Alentejo Central,2011,Mining and quarrying,61,21935.2
NUTS III,Algarve,2011,Mining and quarrying,45,21274.7
NUTS I,Portugal Continental,2011,Construction,93868,18606.5
NUTS III,Alto Minho,2011,Construction,3893,11401.8
NUTS III,Cávado,2011,Construction,4345,17363.1
NUTS III,Ave,2011,Construction,3233,15152.4
NUTS III,Área Metropolitana do Porto,2011,Construction,12234,23513.7
NUTS III,Alto Tâmega,2011,Construction,878,12049.1
NUTS III,Tâmega e Sousa,2011,Construction,4341,13428.6
NUTS III,Douro,2011,Construction,1761,14151.2
NUTS III,Terras de Trás-os-Montes,2011,Construction,1191,12299.4
NUTS III,Oeste,2011,Construction,4427,14520.7
NUTS III,Região de Aveiro,2011,Construction,4297,12540.9
NUTS III,Região de Coimbra,2011,Construction,5420,15098.3
NUTS III,Região de Leiria,2011,Construction,4729,17597.7
NUTS III,Viseu Dão Lafões,2011,Construction,3071,15232.3
NUTS III,Beira Baixa,2011,Construction,934,19053
NUTS III,Médio Tejo,2011,Construction,2840,12829.4
NUTS III,Beiras e Serra da Estrela,2011,Construction,2495,14426.3
NUTS III,Área Metropolitana de Lisboa,2011,Construction,21600,23957
NUTS III,Alentejo Litoral,2011,Construction,856,26661.3
NUTS III,Baixo Alentejo,2011,Construction,895,9977.1
NUTS III,Lezíria do Tejo,2011,Construction,1850,13856.4
NUTS III,Alto Alentejo,2011,Construction,788,11255.1
NUTS III,Alentejo Central,2011,Construction,1316,12274.3
NUTS III,Algarve,2011,Construction,6474,13872.4
NUTS I,Portugal Continental,2011,Human health and social work activities,80509,19042.8
NUTS III,Alto Minho,2011,Human health and social work activities,1598,17137.7
NUTS III,Cávado,2011,Human health and social work activities,2964,19223
NUTS III,Ave,2011,Human health and social work activities,2551,14627.5
NUTS III,Área Metropolitana do Porto,2011,Human health and social work activities,17049,20157.3
NUTS III,Alto Tâmega,2011,Human health and social work activities,449,12900.1
NUTS III,Tâmega e Sousa,2011,Human health and social work activities,1845,12799.3
NUTS III,Douro,2011,Human health and social work activities,1143,14463.6
NUTS III,Terras de Trás-os-Montes,2011,Human health and social work activities,757,14838.1
NUTS III,Oeste,2011,Human health and social work activities,1907,15396.5
NUTS III,Região de Aveiro,2011,Human health and social work activities,2214,15965.2
NUTS III,Região de Coimbra,2011,Human health and social work activities,5009,19808.8
NUTS III,Região de Leiria,2011,Human health and social work activities,1810,15439.1
NUTS III,Viseu Dão Lafões,2011,Human health and social work activities,1714,15959.1
NUTS III,Beira Baixa,2011,Human health and social work activities,479,14115.4
NUTS III,Médio Tejo,2011,Human health and social work activities,1379,15030.6
NUTS III,Beiras e Serra da Estrela,2011,Human health and social work activities,1232,15032.3
NUTS III,Área Metropolitana de Lisboa,2011,Human health and social work activities,29026,21156.4
NUTS III,Alentejo Litoral,2011,Human health and social work activities,435,11737
NUTS III,Baixo Alentejo,2011,Human health and social work activities,611,13413.4
NUTS III,Lezíria do Tejo,2011,Human health and social work activities,1330,14286.4
NUTS III,Alto Alentejo,2011,Human health and social work activities,626,13554.4
NUTS III,Alentejo Central,2011,Human health and social work activities,1098,15756
NUTS III,Algarve,2011,Human health and social work activities,3283,18124.7
NUTS I,Portugal Continental,2011,"Agriculture, farming, hunting, forestry and fishing",49917,10030.9
NUTS III,Alto Minho,2011,"Agriculture, farming, hunting, forestry and fishing",987,9160.4
NUTS III,Cávado,2011,"Agriculture, farming, hunting, forestry and fishing",1558,11775.7
NUTS III,Ave,2011,"Agriculture, farming, hunting, forestry and fishing",747,10987.4
NUTS III,Área Metropolitana do Porto,2011,"Agriculture, farming, hunting, forestry and fishing",3353,11004.3
NUTS III,Alto Tâmega,2011,"Agriculture, farming, hunting, forestry and fishing",663,7755.5
NUTS III,Tâmega e Sousa,2011,"Agriculture, farming, hunting, forestry and fishing",1026,5341.6
NUTS III,Douro,2011,"Agriculture, farming, hunting, forestry and fishing",2806,7882.5
NUTS III,Terras de Trás-os-Montes,2011,"Agriculture, farming, hunting, forestry and fishing",1485,7539.7
NUTS III,Oeste,2011,"Agriculture, farming, hunting, forestry and fishing",4467,12536.7
NUTS III,Região de Aveiro,2011,"Agriculture, farming, hunting, forestry and fishing",1654,17403.1
NUTS III,Região de Coimbra,2011,"Agriculture, farming, hunting, forestry and fishing",1811,12829.9
NUTS III,Região de Leiria,2011,"Agriculture, farming, hunting, forestry and fishing",1181,11628
NUTS III,Viseu Dão Lafões,2011,"Agriculture, farming, hunting, forestry and fishing",1300,10626.6
NUTS III,Beira Baixa,2011,"Agriculture, farming, hunting, forestry and fishing",778,6021.5
NUTS III,Médio Tejo,2011,"Agriculture, farming, hunting, forestry and fishing",1014,13350.7
NUTS III,Beiras e Serra da Estrela,2011,"Agriculture, farming, hunting, forestry and fishing",1598,5999.2
NUTS III,Área Metropolitana de Lisboa,2011,"Agriculture, farming, hunting, forestry and fishing",5195,10867.1
NUTS III,Alentejo Litoral,2011,"Agriculture, farming, hunting, forestry and fishing",2741,11717.4
NUTS III,Baixo Alentejo,2011,"Agriculture, farming, hunting, forestry and fishing",3335,6617.2
NUTS III,Lezíria do Tejo,2011,"Agriculture, farming, hunting, forestry and fishing",3172,10844.7
NUTS III,Alto Alentejo,2011,"Agriculture, farming, hunting, forestry and fishing",2017,5333.5
NUTS III,Alentejo Central,2011,"Agriculture, farming, hunting, forestry and fishing",3272,6899.9
NUTS III,Algarve,2011,"Agriculture, farming, hunting, forestry and fishing",3757,8998.1
NUTS I,Portugal Continental,2011,Manufacturing,68765,25563
NUTS III,Alto Minho,2011,Manufacturing,1630,25253.9
NUTS III,Cávado,2011,Manufacturing,4663,17656.1
NUTS III,Ave,2011,Manufacturing,5299,19633
NUTS III,Área Metropolitana do Porto,2011,Manufacturing,15369,23469.3
NUTS III,Alto Tâmega,2011,Manufacturing,482,20383.1
NUTS III,Tâmega e Sousa,2011,Manufacturing,4667,13408.4
NUTS III,Douro,2011,Manufacturing,1026,17666.5
NUTS III,Terras de Trás-os-Montes,2011,Manufacturing,668,21225.9
NUTS III,Oeste,2011,Manufacturing,2691,20400.1
NUTS III,Região de Aveiro,2011,Manufacturing,3521,27438.7
NUTS III,Região de Coimbra,2011,Manufacturing,2642,34728.7
NUTS III,Região de Leiria,2011,Manufacturing,3258,27081.2
NUTS III,Viseu Dão Lafões,2011,Manufacturing,1523,23555.8
NUTS III,Beira Baixa,2011,Manufacturing,541,20854.6
NUTS III,Médio Tejo,2011,Manufacturing,1683,23792
NUTS III,Beiras e Serra da Estrela,2011,Manufacturing,1402,16525.4
NUTS III,Área Metropolitana de Lisboa,2011,Manufacturing,11532,43339.3
NUTS III,Alentejo Litoral,2011,Manufacturing,451,33979.9
NUTS III,Baixo Alentejo,2011,Manufacturing,679,17692.7
NUTS III,Lezíria do Tejo,2011,Manufacturing,1445,26177.9
NUTS III,Alto Alentejo,2011,Manufacturing,635,16771.9
NUTS III,Alentejo Central,2011,Manufacturing,1064,26513.8
NUTS III,Algarve,2011,Manufacturing,1894,12711.7
NUTS I,Portugal Continental,2012,Mining and quarrying,1133,47078.6
NUTS III,Alto Minho,2012,Mining and quarrying,59,16684
NUTS III,Cávado,2012,Mining and quarrying,43,16684
NUTS III,Ave,2012,Mining and quarrying,47,16684
NUTS III,Área Metropolitana do Porto,2012,Mining and quarrying,40,16684
NUTS III,Alto Tâmega,2012,Mining and quarrying,48,16684
NUTS III,Tâmega e Sousa,2012,Mining and quarrying,77,16684
NUTS III,Douro,2012,Mining and quarrying,42,16684
NUTS III,Terras de Trás-os-Montes,2012,Mining and quarrying,13,16684
NUTS III,Oeste,2012,Mining and quarrying,78,30520.3
NUTS III,Região de Aveiro,2012,Mining and quarrying,33,30520.3
NUTS III,Região de Coimbra,2012,Mining and quarrying,59,30520.3
NUTS III,Região de Leiria,2012,Mining and quarrying,159,30520.3
NUTS III,Viseu Dão Lafões,2012,Mining and quarrying,44,30520.3
NUTS III,Beira Baixa,2012,Mining and quarrying,3,30520.3
NUTS III,Médio Tejo,2012,Mining and quarrying,14,30520.3
NUTS III,Beiras e Serra da Estrela,2012,Mining and quarrying,43,30520.3
NUTS III,Área Metropolitana de Lisboa,2012,Mining and quarrying,108,28957.5
NUTS III,Alentejo Litoral,2012,Mining and quarrying,10,29978.5
NUTS III,Baixo Alentejo,2012,Mining and quarrying,8,172000.4
NUTS III,Lezíria do Tejo,2012,Mining and quarrying,86,39635.3
NUTS III,Alto Alentejo,2012,Mining and quarrying,12,13745.1
NUTS III,Alentejo Central,2012,Mining and quarrying,58,22254.5
NUTS III,Algarve,2012,Mining and quarrying,49,19947
NUTS I,Portugal Continental,2012,Construction,84238,17660.2
NUTS III,Alto Minho,2012,Construction,3635,11931.2
NUTS III,Cávado,2012,Construction,4048,17147.7
NUTS III,Ave,2012,Construction,3000,15231
NUTS III,Área Metropolitana do Porto,2012,Construction,11132,21980.2
NUTS III,Alto Tâmega,2012,Construction,821,12847.5
NUTS III,Tâmega e Sousa,2012,Construction,3991,13353.6
NUTS III,Douro,2012,Construction,1624,13489.5
NUTS III,Terras de Trás-os-Montes,2012,Construction,1083,11913.3
NUTS III,Oeste,2012,Construction,3841,11241.1
NUTS III,Região de Aveiro,2012,Construction,3832,11262.2
NUTS III,Região de Coimbra,2012,Construction,4825,13228.5
NUTS III,Região de Leiria,2012,Construction,4315,19199.5
NUTS III,Viseu Dão Lafões,2012,Construction,2818,13947.9
NUTS III,Beira Baixa,2012,Construction,877,19657.6
NUTS III,Médio Tejo,2012,Construction,2602,13115.5
NUTS III,Beiras e Serra da Estrela,2012,Construction,2265,12128.2
NUTS III,Área Metropolitana de Lisboa,2012,Construction,19040,23328.3
NUTS III,Alentejo Litoral,2012,Construction,772,13444.5
NUTS III,Baixo Alentejo,2012,Construction,765,10016.1
NUTS III,Lezíria do Tejo,2012,Construction,1597,11957.4
NUTS III,Alto Alentejo,2012,Construction,677,11057.1
NUTS III,Alentejo Central,2012,Construction,1181,10193.1
NUTS III,Algarve,2012,Construction,5497,9952.1
NUTS I,Portugal Continental,2012,Human health and social work activities,79049,18590
NUTS III,Alto Minho,2012,Human health and social work activities,1561,16467.2
NUTS III,Cávado,2012,Human health and social work activities,2858,19691.1
NUTS III,Ave,2012,Human health and social work activities,2565,14640.7
NUTS III,Área Metropolitana do Porto,2012,Human health and social work activities,16817,19139.8
NUTS III,Alto Tâmega,2012,Human health and social work activities,409,12859.4
NUTS III,Tâmega e Sousa,2012,Human health and social work activities,1819,12515.4
NUTS III,Douro,2012,Human health and social work activities,1109,13460.7
NUTS III,Terras de Trás-os-Montes,2012,Human health and social work activities,715,13686.9
NUTS III,Oeste,2012,Human health and social work activities,1871,13973.8
NUTS III,Região de Aveiro,2012,Human health and social work activities,2190,16345.8
NUTS III,Região de Coimbra,2012,Human health and social work activities,4943,18129.2
NUTS III,Região de Leiria,2012,Human health and social work activities,1803,15602.9
NUTS III,Viseu Dão Lafões,2012,Human health and social work activities,1724,14743.8
NUTS III,Beira Baixa,2012,Human health and social work activities,474,13929.6
NUTS III,Médio Tejo,2012,Human health and social work activities,1385,13713.9
NUTS III,Beiras e Serra da Estrela,2012,Human health and social work activities,1233,13210.5
NUTS III,Área Metropolitana de Lisboa,2012,Human health and social work activities,28330,21202.6
NUTS III,Alentejo Litoral,2012,Human health and social work activities,446,10957
NUTS III,Baixo Alentejo,2012,Human health and social work activities,556,12023.8
NUTS III,Lezíria do Tejo,2012,Human health and social work activities,1309,13438.1
NUTS III,Alto Alentejo,2012,Human health and social work activities,608,12280.5
NUTS III,Alentejo Central,2012,Human health and social work activities,1095,14753.1
NUTS III,Algarve,2012,Human health and social work activities,3229,16992.7
NUTS I,Portugal Continental,2012,"Agriculture, farming, hunting, forestry and fishing",49191,10675.6
NUTS III,Alto Minho,2012,"Agriculture, farming, hunting, forestry and fishing",963,8856.7
NUTS III,Cávado,2012,"Agriculture, farming, hunting, forestry and fishing",1526,11071.7
NUTS III,Ave,2012,"Agriculture, farming, hunting, forestry and fishing",739,10505.5
NUTS III,Área Metropolitana do Porto,2012,"Agriculture, farming, hunting, forestry and fishing",3236,10518.5
NUTS III,Alto Tâmega,2012,"Agriculture, farming, hunting, forestry and fishing",610,7240
NUTS III,Tâmega e Sousa,2012,"Agriculture, farming, hunting, forestry and fishing",1175,5315.9
NUTS III,Douro,2012,"Agriculture, farming, hunting, forestry and fishing",2982,7693.8
NUTS III,Terras de Trás-os-Montes,2012,"Agriculture, farming, hunting, forestry and fishing",1347,8368.7
NUTS III,Oeste,2012,"Agriculture, farming, hunting, forestry and fishing",4295,14425
NUTS III,Região de Aveiro,2012,"Agriculture, farming, hunting, forestry and fishing",1712,15351.5
NUTS III,Região de Coimbra,2012,"Agriculture, farming, hunting, forestry and fishing",1822,11370.3
NUTS III,Região de Leiria,2012,"Agriculture, farming, hunting, forestry and fishing",1146,14273.2
NUTS III,Viseu Dão Lafões,2012,"Agriculture, farming, hunting, forestry and fishing",1269,10470.8
NUTS III,Beira Baixa,2012,"Agriculture, farming, hunting, forestry and fishing",767,4345.7
NUTS III,Médio Tejo,2012,"Agriculture, farming, hunting, forestry and fishing",981,19642.3
NUTS III,Beiras e Serra da Estrela,2012,"Agriculture, farming, hunting, forestry and fishing",1717,5874.5
NUTS III,Área Metropolitana de Lisboa,2012,"Agriculture, farming, hunting, forestry and fishing",4991,12886.7
NUTS III,Alentejo Litoral,2012,"Agriculture, farming, hunting, forestry and fishing",2537,11825.6
NUTS III,Baixo Alentejo,2012,"Agriculture, farming, hunting, forestry and fishing",3413,8709.9
NUTS III,Lezíria do Tejo,2012,"Agriculture, farming, hunting, forestry and fishing",3102,12733.3
NUTS III,Alto Alentejo,2012,"Agriculture, farming, hunting, forestry and fishing",1965,5098.2
NUTS III,Alentejo Central,2012,"Agriculture, farming, hunting, forestry and fishing",3271,6126.2
NUTS III,Algarve,2012,"Agriculture, farming, hunting, forestry and fishing",3625,9087.6
NUTS I,Portugal Continental,2012,Manufacturing,65755,25336.4
NUTS III,Alto Minho,2012,Manufacturing,1590,29450
NUTS III,Cávado,2012,Manufacturing,4481,17513.5
NUTS III,Ave,2012,Manufacturing,5134,20353.2
NUTS III,Área Metropolitana do Porto,2012,Manufacturing,14784,23759.8
NUTS III,Alto Tâmega,2012,Manufacturing,472,20174
NUTS III,Tâmega e Sousa,2012,Manufacturing,4596,13524.2
NUTS III,Douro,2012,Manufacturing,996,18271.3
NUTS III,Terras de Trás-os-Montes,2012,Manufacturing,640,20944.2
NUTS III,Oeste,2012,Manufacturing,2574,20528.1
NUTS III,Região de Aveiro,2012,Manufacturing,3392,27709.1
NUTS III,Região de Coimbra,2012,Manufacturing,2506,35902.6
NUTS III,Região de Leiria,2012,Manufacturing,3108,26164.8
NUTS III,Viseu Dão Lafões,2012,Manufacturing,1467,25491.7
NUTS III,Beira Baixa,2012,Manufacturing,517,25159.8
NUTS III,Médio Tejo,2012,Manufacturing,1597,23831.8
NUTS III,Beiras e Serra da Estrela,2012,Manufacturing,1343,16329.3
NUTS III,Área Metropolitana de Lisboa,2012,Manufacturing,10713,41375.8
NUTS III,Alentejo Litoral,2012,Manufacturing,413,9132
NUTS III,Baixo Alentejo,2012,Manufacturing,661,15994.2
NUTS III,Lezíria do Tejo,2012,Manufacturing,1365,25937.2
NUTS III,Alto Alentejo,2012,Manufacturing,584,11733.9
NUTS III,Alentejo Central,2012,Manufacturing,1031,23019.5
NUTS III,Algarve,2012,Manufacturing,1791,12223.9
NUTS I,Portugal Continental,2013,Mining and quarrying,1117,45166.7
NUTS III,Alto Minho,2013,Mining and quarrying,58,16126.9
NUTS III,Cávado,2013,Mining and quarrying,38,16126.9
NUTS III,Ave,2013,Mining and quarrying,45,16126.9
NUTS III,Área Metropolitana do Porto,2013,Mining and quarrying,43,16126.9
NUTS III,Alto Tâmega,2013,Mining and quarrying,48,16126.9
NUTS III,Tâmega e Sousa,2013,Mining and quarrying,76,16126.9
NUTS III,Douro,2013,Mining and quarrying,39,16126.9
NUTS III,Terras de Trás-os-Montes,2013,Mining and quarrying,13,16126.9
NUTS III,Oeste,2013,Mining and quarrying,78,28319.1
NUTS III,Região de Aveiro,2013,Mining and quarrying,32,28319.1
NUTS III,Região de Coimbra,2013,Mining and quarrying,60,28319.1
NUTS III,Região de Leiria,2013,Mining and quarrying,162,28319.1
NUTS III,Viseu Dão Lafões,2013,Mining and quarrying,42,28319.1
NUTS III,Beira Baixa,2013,Mining and quarrying,3,28319.1
NUTS III,Médio Tejo,2013,Mining and quarrying,12,28319.1
NUTS III,Beiras e Serra da Estrela,2013,Mining and quarrying,41,28319.1
NUTS III,Área Metropolitana de Lisboa,2013,Mining and quarrying,95,42230
NUTS III,Alentejo Litoral,2013,Mining and quarrying,12,22055.1
NUTS III,Baixo Alentejo,2013,Mining and quarrying,8,146201.5
NUTS III,Lezíria do Tejo,2013,Mining and quarrying,100,41105.9
NUTS III,Alto Alentejo,2013,Mining and quarrying,13,17109
NUTS III,Alentejo Central,2013,Mining and quarrying,56,20418.3
NUTS III,Algarve,2013,Mining and quarrying,43,19250.3
NUTS I,Portugal Continental,2013,Construction,78355,17899.3
NUTS III,Alto Minho,2013,Construction,3508,12300.3
NUTS III,Cávado,2013,Construction,3804,18584.6
NUTS III,Ave,2013,Construction,2820,15740.5
NUTS III,Área Metropolitana do Porto,2013,Construction,10413,21158.3
NUTS III,Alto Tâmega,2013,Construction,771,13144.6
NUTS III,Tâmega e Sousa,2013,Construction,3758,14828.5
NUTS III,Douro,2013,Construction,1549,13258.2
NUTS III,Terras de Trás-os-Montes,2013,Construction,970,10353.7
NUTS III,Oeste,2013,Construction,3511,12417.3
NUTS III,Região de Aveiro,2013,Construction,3551,11181.2
NUTS III,Região de Coimbra,2013,Construction,4485,13968.4
NUTS III,Região de Leiria,2013,Construction,4054,12693.6
NUTS III,Viseu Dão Lafões,2013,Construction,2718,14416.6
NUTS III,Beira Baixa,2013,Construction,815,13127.8
NUTS III,Médio Tejo,2013,Construction,2349,13622.7
NUTS III,Beiras e Serra da Estrela,2013,Construction,2102,10431.1
NUTS III,Área Metropolitana de Lisboa,2013,Construction,17495,24656.1
NUTS III,Alentejo Litoral,2013,Construction,721,14150.4
NUTS III,Baixo Alentejo,2013,Construction,708,11600.4
NUTS III,Lezíria do Tejo,2013,Construction,1483,12687.5
NUTS III,Alto Alentejo,2013,Construction,646,11353.7
NUTS III,Alentejo Central,2013,Construction,1145,10774.8
NUTS III,Algarve,2013,Construction,4979,11031.7
NUTS I,Portugal Continental,2013,Human health and social work activities,78630,18643.7
NUTS III,Alto Minho,2013,Human health and social work activities,1582,15459
NUTS III,Cávado,2013,Human health and social work activities,2901,21803.7
NUTS III,Ave,2013,Human health and social work activities,2585,13986.5
NUTS III,Área Metropolitana do Porto,2013,Human health and social work activities,16652,19000.5
NUTS III,Alto Tâmega,2013,Human health and social work activities,429,12876.2
NUTS III,Tâmega e Sousa,2013,Human health and social work activities,1850,12398.3
NUTS III,Douro,2013,Human health and social work activities,1051,13831
NUTS III,Terras de Trás-os-Montes,2013,Human health and social work activities,675,13399.9
NUTS III,Oeste,2013,Human health and social work activities,1919,13125.3
NUTS III,Região de Aveiro,2013,Human health and social work activities,2218,15727.4
NUTS III,Região de Coimbra,2013,Human health and social work activities,4989,17340.9
NUTS III,Região de Leiria,2013,Human health and social work activities,1824,15621
NUTS III,Viseu Dão Lafões,2013,Human health and social work activities,1741,14743.2
NUTS III,Beira Baixa,2013,Human health and social work activities,493,13109.8
NUTS III,Médio Tejo,2013,Human health and social work activities,1384,13112.8
NUTS III,Beiras e Serra da Estrela,2013,Human health and social work activities,1229,14045.4
NUTS III,Área Metropolitana de Lisboa,2013,Human health and social work activities,27990,21502.6
NUTS III,Alentejo Litoral,2013,Human health and social work activities,439,10065.6
NUTS III,Baixo Alentejo,2013,Human health and social work activities,571,10715.1
NUTS III,Lezíria do Tejo,2013,Human health and social work activities,1302,13377.4
NUTS III,Alto Alentejo,2013,Human health and social work activities,577,13000.6
NUTS III,Alentejo Central,2013,Human health and social work activities,1076,14164
NUTS III,Algarve,2013,Human health and social work activities,3153,16574.6
NUTS I,Portugal Continental,2013,"Agriculture, farming, hunting, forestry and fishing",96673,7587.4
NUTS III,Alto Minho,2013,"Agriculture, farming, hunting, forestry and fishing",4287,3273.7
NUTS III,Cávado,2013,"Agriculture, farming, hunting, forestry and fishing",2915,7744.6
NUTS III,Ave,2013,"Agriculture, farming, hunting, forestry and fishing",1704,4808.1
NUTS III,Área Metropolitana do Porto,2013,"Agriculture, farming, hunting, forestry and fishing",5548,8552.5
NUTS III,Alto Tâmega,2013,"Agriculture, farming, hunting, forestry and fishing",4058,4808.1
NUTS III,Tâmega e Sousa,2013,"Agriculture, farming, hunting, forestry and fishing",3451,4808.1
NUTS III,Douro,2013,"Agriculture, farming, hunting, forestry and fishing",12480,3651
NUTS III,Terras de Trás-os-Montes,2013,"Agriculture, farming, hunting, forestry and fishing",7573,4808.1
NUTS III,Oeste,2013,"Agriculture, farming, hunting, forestry and fishing",6231,12356.6
NUTS III,Região de Aveiro,2013,"Agriculture, farming, hunting, forestry and fishing",3460,10905.7
NUTS III,Região de Coimbra,2013,"Agriculture, farming, hunting, forestry and fishing",4541,7232.5
NUTS III,Região de Leiria,2013,"Agriculture, farming, hunting, forestry and fishing",1657,10684.6
NUTS III,Viseu Dão Lafões,2013,"Agriculture, farming, hunting, forestry and fishing",3972,5243.1
NUTS III,Beira Baixa,2013,"Agriculture, farming, hunting, forestry and fishing",981,5616.3
NUTS III,Médio Tejo,2013,"Agriculture, farming, hunting, forestry and fishing",1264,12061.9
NUTS III,Beiras e Serra da Estrela,2013,"Agriculture, farming, hunting, forestry and fishing",4532,3557.3
NUTS III,Área Metropolitana de Lisboa,2013,"Agriculture, farming, hunting, forestry and fishing",6781,9602.1
NUTS III,Alentejo Litoral,2013,"Agriculture, farming, hunting, forestry and fishing",2801,12642.5
NUTS III,Baixo Alentejo,2013,"Agriculture, farming, hunting, forestry and fishing",4230,9185.3
NUTS III,Lezíria do Tejo,2013,"Agriculture, farming, hunting, forestry and fishing",3731,10298.3
NUTS III,Alto Alentejo,2013,"Agriculture, farming, hunting, forestry and fishing",2473,6109.2
NUTS III,Alentejo Central,2013,"Agriculture, farming, hunting, forestry and fishing",3635,7299.1
NUTS III,Algarve,2013,"Agriculture, farming, hunting, forestry and fishing",4368,9125.7
NUTS I,Portugal Continental,2013,Manufacturing,64763,26388.2
NUTS III,Alto Minho,2013,Manufacturing,1624,30158.1
NUTS III,Cávado,2013,Manufacturing,4466,18645.2
NUTS III,Ave,2013,Manufacturing,5128,21996.6
NUTS III,Área Metropolitana do Porto,2013,Manufacturing,14488,25049.5
NUTS III,Alto Tâmega,2013,Manufacturing,459,22264.2
NUTS III,Tâmega e Sousa,2013,Manufacturing,4622,14402.2
NUTS III,Douro,2013,Manufacturing,1014,19181.3
NUTS III,Terras de Trás-os-Montes,2013,Manufacturing,647,22270.4
NUTS III,Oeste,2013,Manufacturing,2521,22257.1
NUTS III,Região de Aveiro,2013,Manufacturing,3425,28171.5
NUTS III,Região de Coimbra,2013,Manufacturing,2514,35269.8
NUTS III,Região de Leiria,2013,Manufacturing,3094,27705.6
NUTS III,Viseu Dão Lafões,2013,Manufacturing,1462,24590.5
NUTS III,Beira Baixa,2013,Manufacturing,512,27660
NUTS III,Médio Tejo,2013,Manufacturing,1514,24595.6
NUTS III,Beiras e Serra da Estrela,2013,Manufacturing,1304,17735.4
NUTS III,Área Metropolitana de Lisboa,2013,Manufacturing,10252,42794.6
NUTS III,Alentejo Litoral,2013,Manufacturing,405,23527.3
NUTS III,Baixo Alentejo,2013,Manufacturing,651,23527.3
NUTS III,Lezíria do Tejo,2013,Manufacturing,1292,23527.3
NUTS III,Alto Alentejo,2013,Manufacturing,573,23527.3
NUTS III,Alentejo Central,2013,Manufacturing,1014,23527.3
NUTS III,Algarve,2013,Manufacturing,1782,12405.6
NUTS I,Portugal Continental,2014,Mining and quarrying,64529,26941.6
NUTS III,Alto Minho,2014,Mining and quarrying,1611,31616.6
NUTS III,Cávado,2014,Mining and quarrying,4515,19561.6
NUTS III,Ave,2014,Mining and quarrying,5185,22460.8
NUTS III,Área Metropolitana do Porto,2014,Mining and quarrying,14373,25997.6
NUTS III,Alto Tâmega,2014,Mining and quarrying,458,22812.1
NUTS III,Tâmega e Sousa,2014,Mining and quarrying,4736,14988.8
NUTS III,Douro,2014,Mining and quarrying,935,21124.3
NUTS III,Terras de Trás-os-Montes,2014,Mining and quarrying,599,23183.9
NUTS III,Oeste,2014,Mining and quarrying,2510,22130.5
NUTS III,Região de Aveiro,2014,Mining and quarrying,3455,29032.1
NUTS III,Região de Coimbra,2014,Mining and quarrying,2554,30568
NUTS III,Região de Leiria,2014,Mining and quarrying,3067,29867.5
NUTS III,Viseu Dão Lafões,2014,Mining and quarrying,1450,25265.5
NUTS III,Beira Baixa,2014,Mining and quarrying,517,26355.1
NUTS III,Médio Tejo,2014,Mining and quarrying,1552,26043.1
NUTS III,Beiras e Serra da Estrela,2014,Mining and quarrying,1282,18116.5
NUTS III,Área Metropolitana de Lisboa,2014,Mining and quarrying,10027,43263.2
NUTS III,Alentejo Litoral,2014,Mining and quarrying,421,33665.2
NUTS III,Baixo Alentejo,2014,Mining and quarrying,650,19747
NUTS III,Lezíria do Tejo,2014,Mining and quarrying,1305,27802.8
NUTS III,Alto Alentejo,2014,Mining and quarrying,563,20980.1
NUTS III,Alentejo Central,2014,Mining and quarrying,999,23266.9
NUTS III,Algarve,2014,Mining and quarrying,1765,13740.7
NUTS I,Portugal Continental,2014,Construction,80705,18620.8
NUTS III,Alto Minho,2014,Construction,1630,16329.2
NUTS III,Cávado,2014,Construction,2969,21740.2
NUTS III,Ave,2014,Construction,2675,13352.7
NUTS III,Área Metropolitana do Porto,2014,Construction,16808,19022.9
NUTS III,Alto Tâmega,2014,Construction,414,13323.1
NUTS III,Tâmega e Sousa,2014,Construction,1938,11763
NUTS III,Douro,2014,Construction,1048,14553.4
NUTS III,Terras de Trás-os-Montes,2014,Construction,662,14526
NUTS III,Oeste,2014,Construction,1987,13383.7
NUTS III,Região de Aveiro,2014,Construction,2247,15686.4
NUTS III,Região de Coimbra,2014,Construction,5176,17643.2
NUTS III,Região de Leiria,2014,Construction,1912,15136
NUTS III,Viseu Dão Lafões,2014,Construction,1824,14124.4
NUTS III,Beira Baixa,2014,Construction,516,13079.8
NUTS III,Médio Tejo,2014,Construction,1449,12793.2
NUTS III,Beiras e Serra da Estrela,2014,Construction,1291,13439.1
NUTS III,Área Metropolitana de Lisboa,2014,Construction,28734,21515.4
NUTS III,Alentejo Litoral,2014,Construction,471,10052.5
NUTS III,Baixo Alentejo,2014,Construction,584,10640.9
NUTS III,Lezíria do Tejo,2014,Construction,1386,13589.5
NUTS III,Alto Alentejo,2014,Construction,617,12313.9
NUTS III,Alentejo Central,2014,Construction,1115,13979
NUTS III,Algarve,2014,Construction,3252,16470.3
NUTS I,Portugal Continental,2014,Human health and social work activities,1065,45715.5
NUTS III,Alto Minho,2014,Human health and social work activities,52,16333.2
NUTS III,Cávado,2014,Human health and social work activities,34,16333.2
NUTS III,Ave,2014,Human health and social work activities,39,16333.2
NUTS III,Área Metropolitana do Porto,2014,Human health and social work activities,39,16333.2
NUTS III,Alto Tâmega,2014,Human health and social work activities,45,16333.2
NUTS III,Tâmega e Sousa,2014,Human health and social work activities,69,16333.2
NUTS III,Douro,2014,Human health and social work activities,37,16333.2
NUTS III,Terras de Trás-os-Montes,2014,Human health and social work activities,15,16333.2
NUTS III,Oeste,2014,Human health and social work activities,73,28630.9
NUTS III,Região de Aveiro,2014,Human health and social work activities,32,28630.9
NUTS III,Região de Coimbra,2014,Human health and social work activities,64,28630.9
NUTS III,Região de Leiria,2014,Human health and social work activities,150,28630.9
NUTS III,Viseu Dão Lafões,2014,Human health and social work activities,37,28630.9
NUTS III,Beira Baixa,2014,Human health and social work activities,4,28630.9
NUTS III,Médio Tejo,2014,Human health and social work activities,12,28630.9
NUTS III,Beiras e Serra da Estrela,2014,Human health and social work activities,33,28630.9
NUTS III,Área Metropolitana de Lisboa,2014,Human health and social work activities,89,30443
NUTS III,Alentejo Litoral,2014,Human health and social work activities,12,27592.8
NUTS III,Baixo Alentejo,2014,Human health and social work activities,6,143127
NUTS III,Lezíria do Tejo,2014,Human health and social work activities,120,37576.7
NUTS III,Alto Alentejo,2014,Human health and social work activities,12,18284.9
NUTS III,Alentejo Central,2014,Human health and social work activities,49,22023.4
NUTS III,Algarve,2014,Human health and social work activities,42,22250.3
NUTS I,Portugal Continental,2014,"Agriculture, farming, hunting, forestry and fishing",1065,45715.5
NUTS III,Alto Minho,2014,"Agriculture, farming, hunting, forestry and fishing",52,16333.2
NUTS III,Cávado,2014,"Agriculture, farming, hunting, forestry and fishing",34,16333.2
NUTS III,Ave,2014,"Agriculture, farming, hunting, forestry and fishing",39,16333.2
NUTS III,Área Metropolitana do Porto,2014,"Agriculture, farming, hunting, forestry and fishing",39,16333.2
NUTS III,Alto Tâmega,2014,"Agriculture, farming, hunting, forestry and fishing",45,16333.2
NUTS III,Tâmega e Sousa,2014,"Agriculture, farming, hunting, forestry and fishing",69,16333.2
NUTS III,Douro,2014,"Agriculture, farming, hunting, forestry and fishing",37,16333.2
NUTS III,Terras de Trás-os-Montes,2014,"Agriculture, farming, hunting, forestry and fishing",15,16333.2
NUTS III,Oeste,2014,"Agriculture, farming, hunting, forestry and fishing",73,28630.9
NUTS III,Região de Aveiro,2014,"Agriculture, farming, hunting, forestry and fishing",32,28630.9
NUTS III,Região de Coimbra,2014,"Agriculture, farming, hunting, forestry and fishing",64,28630.9
NUTS III,Região de Leiria,2014,"Agriculture, farming, hunting, forestry and fishing",150,28630.9
NUTS III,Viseu Dão Lafões,2014,"Agriculture, farming, hunting, forestry and fishing",37,28630.9
NUTS III,Beira Baixa,2014,"Agriculture, farming, hunting, forestry and fishing",4,28630.9
NUTS III,Médio Tejo,2014,"Agriculture, farming, hunting, forestry and fishing",12,28630.9
NUTS III,Beiras e Serra da Estrela,2014,"Agriculture, farming, hunting, forestry and fishing",33,28630.9
NUTS III,Área Metropolitana de Lisboa,2014,"Agriculture, farming, hunting, forestry and fishing",89,30443
NUTS III,Alentejo Litoral,2014,"Agriculture, farming, hunting, forestry and fishing",12,27592.8
NUTS III,Baixo Alentejo,2014,"Agriculture, farming, hunting, forestry and fishing",6,143127
NUTS III,Lezíria do Tejo,2014,"Agriculture, farming, hunting, forestry and fishing",120,37576.7
NUTS III,Alto Alentejo,2014,"Agriculture, farming, hunting, forestry and fishing",12,18284.9
NUTS III,Alentejo Central,2014,"Agriculture, farming, hunting, forestry and fishing",49,22023.4
NUTS III,Algarve,2014,"Agriculture, farming, hunting, forestry and fishing",42,22250.3
NUTS I,Portugal Continental,2014,Manufacturing,75144,18100.9
NUTS III,Alto Minho,2014,Manufacturing,3344,13055.7
NUTS III,Cávado,2014,Manufacturing,3708,15875.6
NUTS III,Ave,2014,Manufacturing,2776,16192.1
NUTS III,Área Metropolitana do Porto,2014,Manufacturing,10122,22910.6
NUTS III,Alto Tâmega,2014,Manufacturing,750,12624.6
NUTS III,Tâmega e Sousa,2014,Manufacturing,3655,18268.4
NUTS III,Douro,2014,Manufacturing,1416,13740.7
NUTS III,Terras de Trás-os-Montes,2014,Manufacturing,897,11346.2
NUTS III,Oeste,2014,Manufacturing,3252,13324.3
NUTS III,Região de Aveiro,2014,Manufacturing,3297,11669.5
NUTS III,Região de Coimbra,2014,Manufacturing,4302,14203.5
NUTS III,Região de Leiria,2014,Manufacturing,3993,17601.1
NUTS III,Viseu Dão Lafões,2014,Manufacturing,2609,15999
NUTS III,Beira Baixa,2014,Manufacturing,802,13743.9
NUTS III,Médio Tejo,2014,Manufacturing,2286,13257.7
NUTS III,Beiras e Serra da Estrela,2014,Manufacturing,1983,10416.6
NUTS III,Área Metropolitana de Lisboa,2014,Manufacturing,16781,22370.6
NUTS III,Alentejo Litoral,2014,Manufacturing,664,13125.9
NUTS III,Baixo Alentejo,2014,Manufacturing,657,12501.1
NUTS III,Lezíria do Tejo,2014,Manufacturing,1354,13834.3
NUTS III,Alto Alentejo,2014,Manufacturing,602,13086.6
NUTS III,Alentejo Central,2014,Manufacturing,1076,12488.1
NUTS III,Algarve,2014,Manufacturing,4818,13699.2
NUTS I,Portugal Continental,2015,Mining and quarrying,1027,43188.8
NUTS III,Alto Minho,2015,Mining and quarrying,47,18719.9
NUTS III,Cávado,2015,Mining and quarrying,33,18719.9
NUTS III,Ave,2015,Mining and quarrying,35,18719.9
NUTS III,Área Metropolitana do Porto,2015,Mining and quarrying,38,18719.9
NUTS III,Alto Tâmega,2015,Mining and quarrying,41,18719.9
NUTS III,Tâmega e Sousa,2015,Mining and quarrying,71,18719.9
NUTS III,Douro,2015,Mining and quarrying,38,18719.9
NUTS III,Terras de Trás-os-Montes,2015,Mining and quarrying,15,18719.9
NUTS III,Oeste,2015,Mining and quarrying,73,27698.7
NUTS III,Região de Aveiro,2015,Mining and quarrying,31,36654.7
NUTS III,Região de Coimbra,2015,Mining and quarrying,60,16294.7
NUTS III,Região de Leiria,2015,Mining and quarrying,144,36665.1
NUTS III,Viseu Dão Lafões,2015,Mining and quarrying,37,23712.2
NUTS III,Beira Baixa,2015,Mining and quarrying,4,39618.5
NUTS III,Médio Tejo,2015,Mining and quarrying,12,38533.8
NUTS III,Beiras e Serra da Estrela,2015,Mining and quarrying,33,13032.1
NUTS III,Área Metropolitana de Lisboa,2015,Mining and quarrying,91,32543.4
NUTS III,Alentejo Litoral,2015,Mining and quarrying,12,25687.1
NUTS III,Baixo Alentejo,2015,Mining and quarrying,8,120844.7
NUTS III,Lezíria do Tejo,2015,Mining and quarrying,110,38272.2
NUTS III,Alto Alentejo,2015,Mining and quarrying,11,19096.2
NUTS III,Alentejo Central,2015,Mining and quarrying,47,23737.5
NUTS III,Algarve,2015,Mining and quarrying,36,25336.1
NUTS I,Portugal Continental,2015,Construction,75317,18193.6
NUTS III,Alto Minho,2015,Construction,3352,13169.4
NUTS III,Cávado,2015,Construction,3783,16857
NUTS III,Ave,2015,Construction,2831,17668.7
NUTS III,Área Metropolitana do Porto,2015,Construction,10154,22981.3
NUTS III,Alto Tâmega,2015,Construction,756,13581.2
NUTS III,Tâmega e Sousa,2015,Construction,3712,17522.4
NUTS III,Douro,2015,Construction,1379,12585
NUTS III,Terras de Trás-os-Montes,2015,Construction,876,11743.4
NUTS III,Oeste,2015,Construction,3284,14407.8
NUTS III,Região de Aveiro,2015,Construction,3282,12086.1
NUTS III,Região de Coimbra,2015,Construction,4214,14733.6
NUTS III,Região de Leiria,2015,Construction,3995,17452.9
NUTS III,Viseu Dão Lafões,2015,Construction,2612,16592.9
NUTS III,Beira Baixa,2015,Construction,831,13828
NUTS III,Médio Tejo,2015,Construction,2289,13855
NUTS III,Beiras e Serra da Estrela,2015,Construction,1961,12216.9
NUTS III,Área Metropolitana de Lisboa,2015,Construction,16806,21662.8
NUTS III,Alentejo Litoral,2015,Construction,643,16577.2
NUTS III,Baixo Alentejo,2015,Construction,616,12286.8
NUTS III,Lezíria do Tejo,2015,Construction,1355,14912.1
NUTS III,Alto Alentejo,2015,Construction,581,12879.5
NUTS III,Alentejo Central,2015,Construction,1054,12545.3
NUTS III,Algarve,2015,Construction,4951,14636.2
NUTS I,Portugal Continental,2015,Human health and social work activities,83878,18790.5
NUTS III,Alto Minho,2015,Human health and social work activities,1693,15831.3
NUTS III,Cávado,2015,Human health and social work activities,3108,21749.8
NUTS III,Ave,2015,Human health and social work activities,2904,10525
NUTS III,Área Metropolitana do Porto,2015,Human health and social work activities,17456,19053.6
NUTS III,Alto Tâmega,2015,Human health and social work activities,444,13523.7
NUTS III,Tâmega e Sousa,2015,Human health and social work activities,2099,12056.2
NUTS III,Douro,2015,Human health and social work activities,1103,14846.1
NUTS III,Terras de Trás-os-Montes,2015,Human health and social work activities,680,15617.6
NUTS III,Oeste,2015,Human health and social work activities,2109,13726.4
NUTS III,Região de Aveiro,2015,Human health and social work activities,2399,15401.5
NUTS III,Região de Coimbra,2015,Human health and social work activities,5379,17967.4
NUTS III,Região de Leiria,2015,Human health and social work activities,1990,15686.2
NUTS III,Viseu Dão Lafões,2015,Human health and social work activities,1892,14756.5
NUTS III,Beira Baixa,2015,Human health and social work activities,521,14925.2
NUTS III,Médio Tejo,2015,Human health and social work activities,1499,13410.8
NUTS III,Beiras e Serra da Estrela,2015,Human health and social work activities,1330,13311.9
NUTS III,Área Metropolitana de Lisboa,2015,Human health and social work activities,29513,21869.8
NUTS III,Alentejo Litoral,2015,Human health and social work activities,490,10642.8
NUTS III,Baixo Alentejo,2015,Human health and social work activities,658,11531.8
NUTS III,Lezíria do Tejo,2015,Human health and social work activities,1438,14253.2
NUTS III,Alto Alentejo,2015,Human health and social work activities,638,12052.6
NUTS III,Alentejo Central,2015,Human health and social work activities,1152,14752.6
NUTS III,Algarve,2015,Human health and social work activities,3383,17100.5
NUTS I,Portugal Continental,2015,"Agriculture, farming, hunting, forestry and fishing",121453,8161.1
NUTS III,Alto Minho,2015,"Agriculture, farming, hunting, forestry and fishing",5925,3503.4
NUTS III,Cávado,2015,"Agriculture, farming, hunting, forestry and fishing",3644,4637
NUTS III,Ave,2015,"Agriculture, farming, hunting, forestry and fishing",2380,4637
NUTS III,Área Metropolitana do Porto,2015,"Agriculture, farming, hunting, forestry and fishing",7127,8185.8
NUTS III,Alto Tâmega,2015,"Agriculture, farming, hunting, forestry and fishing",5129,2925.7
NUTS III,Tâmega e Sousa,2015,"Agriculture, farming, hunting, forestry and fishing",4751,3538
NUTS III,Douro,2015,"Agriculture, farming, hunting, forestry and fishing",15775,3938.5
NUTS III,Terras de Trás-os-Montes,2015,"Agriculture, farming, hunting, forestry and fishing",10669,2718.2
NUTS III,Oeste,2015,"Agriculture, farming, hunting, forestry and fishing",6846,13514.6
NUTS III,Região de Aveiro,2015,"Agriculture, farming, hunting, forestry and fishing",4050,10905
NUTS III,Região de Coimbra,2015,"Agriculture, farming, hunting, forestry and fishing",5591,7345.5
NUTS III,Região de Leiria,2015,"Agriculture, farming, hunting, forestry and fishing",2062,12098.8
NUTS III,Viseu Dão Lafões,2015,"Agriculture, farming, hunting, forestry and fishing",5078,6043.2
NUTS III,Beira Baixa,2015,"Agriculture, farming, hunting, forestry and fishing",1359,5184.7
NUTS III,Médio Tejo,2015,"Agriculture, farming, hunting, forestry and fishing",1648,12893.4
NUTS III,Beiras e Serra da Estrela,2015,"Agriculture, farming, hunting, forestry and fishing",5762,4370.7
NUTS III,Área Metropolitana de Lisboa,2015,"Agriculture, farming, hunting, forestry and fishing",7861,11105
NUTS III,Alentejo Litoral,2015,"Agriculture, farming, hunting, forestry and fishing",3198,13351.6
NUTS III,Baixo Alentejo,2015,"Agriculture, farming, hunting, forestry and fishing",4743,14925.1
NUTS III,Lezíria do Tejo,2015,"Agriculture, farming, hunting, forestry and fishing",4083,11957.8
NUTS III,Alto Alentejo,2015,"Agriculture, farming, hunting, forestry and fishing",3170,7121
NUTS III,Alentejo Central,2015,"Agriculture, farming, hunting, forestry and fishing",4133,8500.1
NUTS III,Algarve,2015,"Agriculture, farming, hunting, forestry and fishing",6469,8800.6
NUTS I,Portugal Continental,2015,Manufacturing,65040,28880.9
NUTS III,Alto Minho,2015,Manufacturing,1678,28745.7
NUTS III,Cávado,2015,Manufacturing,4530,19871.9
NUTS III,Ave,2015,Manufacturing,5261,24635.3
NUTS III,Área Metropolitana do Porto,2015,Manufacturing,14501,26817.1
NUTS III,Alto Tâmega,2015,Manufacturing,465,21850.1
NUTS III,Tâmega e Sousa,2015,Manufacturing,4848,15139.5
NUTS III,Douro,2015,Manufacturing,937,21154
NUTS III,Terras de Trás-os-Montes,2015,Manufacturing,585,24678.7
NUTS III,Oeste,2015,Manufacturing,2520,22969.3
NUTS III,Região de Aveiro,2015,Manufacturing,3553,30490.7
NUTS III,Região de Coimbra,2015,Manufacturing,2605,36911.3
NUTS III,Região de Leiria,2015,Manufacturing,3057,29703
NUTS III,Viseu Dão Lafões,2015,Manufacturing,1447,26800.4
NUTS III,Beira Baixa,2015,Manufacturing,543,33635.3
NUTS III,Médio Tejo,2015,Manufacturing,1549,26352
NUTS III,Beiras e Serra da Estrela,2015,Manufacturing,1297,20003.2
NUTS III,Área Metropolitana de Lisboa,2015,Manufacturing,9953,49078.4
NUTS III,Alentejo Litoral,2015,Manufacturing,411,31206.1
NUTS III,Baixo Alentejo,2015,Manufacturing,653,31206.1
NUTS III,Lezíria do Tejo,2015,Manufacturing,1286,31206.1
NUTS III,Alto Alentejo,2015,Manufacturing,569,31206.1
NUTS III,Alentejo Central,2015,Manufacturing,1012,31206.1
NUTS III,Algarve,2015,Manufacturing,1780,14107.3
NUTS I,Portugal Continental,2016,Mining and quarrying,1008,44394
NUTS III,Alto Minho,2016,Mining and quarrying,45,17981.6
NUTS III,Cávado,2016,Mining and quarrying,35,17981.6
NUTS III,Ave,2016,Mining and quarrying,38,17981.6
NUTS III,Área Metropolitana do Porto,2016,Mining and quarrying,39,17981.6
NUTS III,Alto Tâmega,2016,Mining and quarrying,41,17981.6
NUTS III,Tâmega e Sousa,2016,Mining and quarrying,64,17981.6
NUTS III,Douro,2016,Mining and quarrying,36,17981.6
NUTS III,Terras de Trás-os-Montes,2016,Mining and quarrying,15,17981.6
NUTS III,Oeste,2016,Mining and quarrying,68,27993.8
NUTS III,Região de Aveiro,2016,Mining and quarrying,35,27993.8
NUTS III,Região de Coimbra,2016,Mining and quarrying,56,27993.8
NUTS III,Região de Leiria,2016,Mining and quarrying,137,27993.8
NUTS III,Viseu Dão Lafões,2016,Mining and quarrying,36,27993.8
NUTS III,Beira Baixa,2016,Mining and quarrying,4,27993.8
NUTS III,Médio Tejo,2016,Mining and quarrying,13,27993.8
NUTS III,Beiras e Serra da Estrela,2016,Mining and quarrying,31,27993.8
NUTS III,Área Metropolitana de Lisboa,2016,Mining and quarrying,88,31076.2
NUTS III,Alentejo Litoral,2016,Mining and quarrying,10,94231.4
NUTS III,Baixo Alentejo,2016,Mining and quarrying,6,94231.4
NUTS III,Lezíria do Tejo,2016,Mining and quarrying,114,41868.5
NUTS III,Alto Alentejo,2016,Mining and quarrying,11,21592.4
NUTS III,Alentejo Central,2016,Mining and quarrying,49,23112.2
NUTS III,Algarve,2016,Mining and quarrying,37,21289.3
NUTS I,Portugal Continental,2016,Construction,76319,17761.3
NUTS III,Alto Minho,2016,Construction,3432,13034.6
NUTS III,Cávado,2016,Construction,3935,17557
NUTS III,Ave,2016,Construction,2877,17638.3
NUTS III,Área Metropolitana do Porto,2016,Construction,10292,21404.3
NUTS III,Alto Tâmega,2016,Construction,741,15104.8
NUTS III,Tâmega e Sousa,2016,Construction,3754,15650.3
NUTS III,Douro,2016,Construction,1365,13183.7
NUTS III,Terras de Trás-os-Montes,2016,Construction,862,11791.7
NUTS III,Oeste,2016,Construction,3400,13455.5
NUTS III,Região de Aveiro,2016,Construction,3306,12154.1
NUTS III,Região de Coimbra,2016,Construction,4201,10148.3
NUTS III,Região de Leiria,2016,Construction,3958,17517.4
NUTS III,Viseu Dão Lafões,2016,Construction,2604,16298.5
NUTS III,Beira Baixa,2016,Construction,816,15785.5
NUTS III,Médio Tejo,2016,Construction,2287,15873.5
NUTS III,Beiras e Serra da Estrela,2016,Construction,1962,11301.4
NUTS III,Área Metropolitana de Lisboa,2016,Construction,17124,21705.9
NUTS III,Alentejo Litoral,2016,Construction,656,14311.6
NUTS III,Baixo Alentejo,2016,Construction,629,12888.6
NUTS III,Lezíria do Tejo,2016,Construction,1370,15952.5
NUTS III,Alto Alentejo,2016,Construction,599,12904.1
NUTS III,Alentejo Central,2016,Construction,1003,11847.7
NUTS III,Algarve,2016,Construction,5146,15680.5
NUTS I,Portugal Continental,2016,Human health and social work activities,87500,18632.2
NUTS III,Alto Minho,2016,Human health and social work activities,1762,15761.5
NUTS III,Cávado,2016,Human health and social work activities,3373,20403.4
NUTS III,Ave,2016,Human health and social work activities,3074,10528.3
NUTS III,Área Metropolitana do Porto,2016,Human health and social work activities,18261,19277.6
NUTS III,Alto Tâmega,2016,Human health and social work activities,467,13424.7
NUTS III,Tâmega e Sousa,2016,Human health and social work activities,2316,11851.6
NUTS III,Douro,2016,Human health and social work activities,1143,14265.5
NUTS III,Terras de Trás-os-Montes,2016,Human health and social work activities,736,15142.9
NUTS III,Oeste,2016,Human health and social work activities,2223,13913.4
NUTS III,Região de Aveiro,2016,Human health and social work activities,2542,15493.8
NUTS III,Região de Coimbra,2016,Human health and social work activities,5568,18288.8
NUTS III,Região de Leiria,2016,Human health and social work activities,2156,15775
NUTS III,Viseu Dão Lafões,2016,Human health and social work activities,1962,14921.8
NUTS III,Beira Baixa,2016,Human health and social work activities,557,14958.9
NUTS III,Médio Tejo,2016,Human health and social work activities,1556,13654
NUTS III,Beiras e Serra da Estrela,2016,Human health and social work activities,1395,13917.1
NUTS III,Área Metropolitana de Lisboa,2016,Human health and social work activities,30216,21452.3
NUTS III,Alentejo Litoral,2016,Human health and social work activities,521,9783.2
NUTS III,Baixo Alentejo,2016,Human health and social work activities,691,11898.6
NUTS III,Lezíria do Tejo,2016,Human health and social work activities,1565,14254.8
NUTS III,Alto Alentejo,2016,Human health and social work activities,713,11472
NUTS III,Alentejo Central,2016,Human health and social work activities,1216,14278.3
NUTS III,Algarve,2016,Human health and social work activities,3487,17718.3
NUTS I,Portugal Continental,2016,"Agriculture, farming, hunting, forestry and fishing",120824,8584.3
NUTS III,Alto Minho,2016,"Agriculture, farming, hunting, forestry and fishing",5698,4233.6
NUTS III,Cávado,2016,"Agriculture, farming, hunting, forestry and fishing",3616,5009.4
NUTS III,Ave,2016,"Agriculture, farming, hunting, forestry and fishing",2429,5009.4
NUTS III,Área Metropolitana do Porto,2016,"Agriculture, farming, hunting, forestry and fishing",7090,8898.2
NUTS III,Alto Tâmega,2016,"Agriculture, farming, hunting, forestry and fishing",5225,3258.4
NUTS III,Tâmega e Sousa,2016,"Agriculture, farming, hunting, forestry and fishing",4480,3830.7
NUTS III,Douro,2016,"Agriculture, farming, hunting, forestry and fishing",15534,4188.4
NUTS III,Terras de Trás-os-Montes,2016,"Agriculture, farming, hunting, forestry and fishing",10455,3021.4
NUTS III,Oeste,2016,"Agriculture, farming, hunting, forestry and fishing",6882,14602.3
NUTS III,Região de Aveiro,2016,"Agriculture, farming, hunting, forestry and fishing",4006,11417
NUTS III,Região de Coimbra,2016,"Agriculture, farming, hunting, forestry and fishing",5450,8845.5
NUTS III,Região de Leiria,2016,"Agriculture, farming, hunting, forestry and fishing",2110,13349.8
NUTS III,Viseu Dão Lafões,2016,"Agriculture, farming, hunting, forestry and fishing",4963,6075.4
NUTS III,Beira Baixa,2016,"Agriculture, farming, hunting, forestry and fishing",1401,5900.7
NUTS III,Médio Tejo,2016,"Agriculture, farming, hunting, forestry and fishing",1586,12957.7
NUTS III,Beiras e Serra da Estrela,2016,"Agriculture, farming, hunting, forestry and fishing",5632,4418.5
NUTS III,Área Metropolitana de Lisboa,2016,"Agriculture, farming, hunting, forestry and fishing",8036,11229.3
NUTS III,Alentejo Litoral,2016,"Agriculture, farming, hunting, forestry and fishing",3508,13675.4
NUTS III,Baixo Alentejo,2016,"Agriculture, farming, hunting, forestry and fishing",4814,12389.5
NUTS III,Lezíria do Tejo,2016,"Agriculture, farming, hunting, forestry and fishing",4123,13360
NUTS III,Alto Alentejo,2016,"Agriculture, farming, hunting, forestry and fishing",3305,6335
NUTS III,Alentejo Central,2016,"Agriculture, farming, hunting, forestry and fishing",4330,8129.8
NUTS III,Algarve,2016,"Agriculture, farming, hunting, forestry and fishing",6151,10241.4
NUTS I,Portugal Continental,2016,Manufacturing,65266,29517.3
NUTS III,Alto Minho,2016,Manufacturing,1677,32295.3
NUTS III,Cávado,2016,Manufacturing,4631,21237.2
NUTS III,Ave,2016,Manufacturing,5242,25083
NUTS III,Área Metropolitana do Porto,2016,Manufacturing,14535,27638.7
NUTS III,Alto Tâmega,2016,Manufacturing,463,25368.4
NUTS III,Tâmega e Sousa,2016,Manufacturing,4900,15478.8
NUTS III,Douro,2016,Manufacturing,968,22868.4
NUTS III,Terras de Trás-os-Montes,2016,Manufacturing,588,31291.7
NUTS III,Oeste,2016,Manufacturing,2508,29544.8
NUTS III,Região de Aveiro,2016,Manufacturing,3667,29544.8
NUTS III,Região de Coimbra,2016,Manufacturing,2583,29544.8
NUTS III,Região de Leiria,2016,Manufacturing,3074,29544.8
NUTS III,Viseu Dão Lafões,2016,Manufacturing,1450,29544.8
NUTS III,Beira Baixa,2016,Manufacturing,521,29544.8
NUTS III,Médio Tejo,2016,Manufacturing,1515,29544.8
NUTS III,Beiras e Serra da Estrela,2016,Manufacturing,1280,29544.8
NUTS III,Área Metropolitana de Lisboa,2016,Manufacturing,9944,48836.4
NUTS III,Alentejo Litoral,2016,Manufacturing,420,31785.7
NUTS III,Baixo Alentejo,2016,Manufacturing,632,31785.7
NUTS III,Lezíria do Tejo,2016,Manufacturing,1290,31785.7
NUTS III,Alto Alentejo,2016,Manufacturing,591,31785.7
NUTS III,Alentejo Central,2016,Manufacturing,1000,31785.7
NUTS III,Algarve,2016,Manufacturing,1787,15807.6
NUTS I,Portugal Continental,2017,Mining and quarrying,1028,49232.8
NUTS III,Alto Minho,2017,Mining and quarrying,49,18313.2
NUTS III,Cávado,2017,Mining and quarrying,37,18313.2
NUTS III,Ave,2017,Mining and quarrying,38,18313.2
NUTS III,Área Metropolitana do Porto,2017,Mining and quarrying,44,18313.2
NUTS III,Alto Tâmega,2017,Mining and quarrying,41,18313.2
NUTS III,Tâmega e Sousa,2017,Mining and quarrying,63,18313.2
NUTS III,Douro,2017,Mining and quarrying,36,18313.2
NUTS III,Terras de Trás-os-Montes,2017,Mining and quarrying,16,18313.2
NUTS III,Oeste,2017,Mining and quarrying,69,31149.8
NUTS III,Região de Aveiro,2017,Mining and quarrying,39,31149.8
NUTS III,Região de Coimbra,2017,Mining and quarrying,57,31149.8
NUTS III,Região de Leiria,2017,Mining and quarrying,142,31149.8
NUTS III,Viseu Dão Lafões,2017,Mining and quarrying,35,31149.8
NUTS III,Beira Baixa,2017,Mining and quarrying,3,31149.8
NUTS III,Médio Tejo,2017,Mining and quarrying,12,31149.8
NUTS III,Beiras e Serra da Estrela,2017,Mining and quarrying,35,31149.8
NUTS III,Área Metropolitana de Lisboa,2017,Mining and quarrying,89,29227.5
NUTS III,Alentejo Litoral,2017,Mining and quarrying,10,107705.5
NUTS III,Baixo Alentejo,2017,Mining and quarrying,6,107705.5
NUTS III,Lezíria do Tejo,2017,Mining and quarrying,109,49627.3
NUTS III,Alto Alentejo,2017,Mining and quarrying,10,107705.5
NUTS III,Alentejo Central,2017,Mining and quarrying,52,21133.5
NUTS III,Algarve,2017,Mining and quarrying,36,25068.7
NUTS I,Portugal Continental,2017,Construction,78962,19051.9
NUTS III,Alto Minho,2017,Construction,3536,14022.2
NUTS III,Cávado,2017,Construction,4130,19051.3
NUTS III,Ave,2017,Construction,3025,18566.1
NUTS III,Área Metropolitana do Porto,2017,Construction,10531,22400.4
NUTS III,Alto Tâmega,2017,Construction,747,16003.1
NUTS III,Tâmega e Sousa,2017,Construction,3880,17700.7
NUTS III,Douro,2017,Construction,1405,13931.8
NUTS III,Terras de Trás-os-Montes,2017,Construction,896,13747.6
NUTS III,Oeste,2017,Construction,3566,15546
NUTS III,Região de Aveiro,2017,Construction,3431,13461.7
NUTS III,Região de Coimbra,2017,Construction,4233,14911.6
NUTS III,Região de Leiria,2017,Construction,4007,18193
NUTS III,Viseu Dão Lafões,2017,Construction,2611,17027.9
NUTS III,Beira Baixa,2017,Construction,826,17489.5
NUTS III,Médio Tejo,2017,Construction,2350,16587.3
NUTS III,Beiras e Serra da Estrela,2017,Construction,1954,12863.9
NUTS III,Área Metropolitana de Lisboa,2017,Construction,17848,22473.7
NUTS III,Alentejo Litoral,2017,Construction,654,15713.9
NUTS III,Baixo Alentejo,2017,Construction,650,13670.7
NUTS III,Lezíria do Tejo,2017,Construction,1384,17815.1
NUTS III,Alto Alentejo,2017,Construction,627,13587.9
NUTS III,Alentejo Central,2017,Construction,1026,14516.5
NUTS III,Algarve,2017,Construction,5645,17495.6
NUTS I,Portugal Continental,2017,Human health and social work activities,91405,19123.4
NUTS III,Alto Minho,2017,Human health and social work activities,1858,15225
NUTS III,Cávado,2017,Human health and social work activities,3639,20609.3
NUTS III,Ave,2017,Human health and social work activities,3250,12928.2
NUTS III,Área Metropolitana do Porto,2017,Human health and social work activities,19124,19494
NUTS III,Alto Tâmega,2017,Human health and social work activities,509,14339.3
NUTS III,Tâmega e Sousa,2017,Human health and social work activities,2502,12284.8
NUTS III,Douro,2017,Human health and social work activities,1244,14213.7
NUTS III,Terras de Trás-os-Montes,2017,Human health and social work activities,767,15064.6
NUTS III,Oeste,2017,Human health and social work activities,2305,14326.1
NUTS III,Região de Aveiro,2017,Human health and social work activities,2673,15351.7
NUTS III,Região de Coimbra,2017,Human health and social work activities,5840,18145.6
NUTS III,Região de Leiria,2017,Human health and social work activities,2234,16381.1
NUTS III,Viseu Dão Lafões,2017,Human health and social work activities,2061,15797.8
NUTS III,Beira Baixa,2017,Human health and social work activities,586,15355.8
NUTS III,Médio Tejo,2017,Human health and social work activities,1637,13511.1
NUTS III,Beiras e Serra da Estrela,2017,Human health and social work activities,1502,13936.7
NUTS III,Área Metropolitana de Lisboa,2017,Human health and social work activities,31110,22109.4
NUTS III,Alentejo Litoral,2017,Human health and social work activities,531,10539.9
NUTS III,Baixo Alentejo,2017,Human health and social work activities,740,12222.7
NUTS III,Lezíria do Tejo,2017,Human health and social work activities,1627,15900.6
NUTS III,Alto Alentejo,2017,Human health and social work activities,746,11694.1
NUTS III,Alentejo Central,2017,Human health and social work activities,1308,15523.1
NUTS III,Algarve,2017,Human health and social work activities,3612,18683.9
NUTS I,Portugal Continental,2017,"Agriculture, farming, hunting, forestry and fishing",121021,9557.7
NUTS III,Alto Minho,2017,"Agriculture, farming, hunting, forestry and fishing",5620,4553.1
NUTS III,Cávado,2017,"Agriculture, farming, hunting, forestry and fishing",3533,8117.7
NUTS III,Ave,2017,"Agriculture, farming, hunting, forestry and fishing",2446,6731.3
NUTS III,Área Metropolitana do Porto,2017,"Agriculture, farming, hunting, forestry and fishing",7198,9236
NUTS III,Alto Tâmega,2017,"Agriculture, farming, hunting, forestry and fishing",5109,3034.1
NUTS III,Tâmega e Sousa,2017,"Agriculture, farming, hunting, forestry and fishing",4664,4377.4
NUTS III,Douro,2017,"Agriculture, farming, hunting, forestry and fishing",15245,4553.1
NUTS III,Terras de Trás-os-Montes,2017,"Agriculture, farming, hunting, forestry and fishing",10012,2427.1
NUTS III,Oeste,2017,"Agriculture, farming, hunting, forestry and fishing",6889,16897.6
NUTS III,Região de Aveiro,2017,"Agriculture, farming, hunting, forestry and fishing",3977,12767.3
NUTS III,Região de Coimbra,2017,"Agriculture, farming, hunting, forestry and fishing",5492,9249.3
NUTS III,Região de Leiria,2017,"Agriculture, farming, hunting, forestry and fishing",2123,16353.5
NUTS III,Viseu Dão Lafões,2017,"Agriculture, farming, hunting, forestry and fishing",4917,7470.3
NUTS III,Beira Baixa,2017,"Agriculture, farming, hunting, forestry and fishing",1427,5041.7
NUTS III,Médio Tejo,2017,"Agriculture, farming, hunting, forestry and fishing",1697,15456.4
NUTS III,Beiras e Serra da Estrela,2017,"Agriculture, farming, hunting, forestry and fishing",5617,4642.9
NUTS III,Área Metropolitana de Lisboa,2017,"Agriculture, farming, hunting, forestry and fishing",8145,12382.1
NUTS III,Alentejo Litoral,2017,"Agriculture, farming, hunting, forestry and fishing",3542,16290.8
NUTS III,Baixo Alentejo,2017,"Agriculture, farming, hunting, forestry and fishing",5004,15188.9
NUTS III,Lezíria do Tejo,2017,"Agriculture, farming, hunting, forestry and fishing",4035,12708.1
NUTS III,Alto Alentejo,2017,"Agriculture, farming, hunting, forestry and fishing",3361,7326.3
NUTS III,Alentejo Central,2017,"Agriculture, farming, hunting, forestry and fishing",4485,9537.1
NUTS III,Algarve,2017,"Agriculture, farming, hunting, forestry and fishing",6483,10522.8
NUTS I,Portugal Continental,2017,Manufacturing,65831,30858.6
NUTS III,Alto Minho,2017,Manufacturing,1697,33621.9
NUTS III,Cávado,2017,Manufacturing,4657,22447.6
NUTS III,Ave,2017,Manufacturing,5335,25451.4
NUTS III,Área Metropolitana do Porto,2017,Manufacturing,14483,28355.7
NUTS III,Alto Tâmega,2017,Manufacturing,481,24924.4
NUTS III,Tâmega e Sousa,2017,Manufacturing,5005,16143.7
NUTS III,Douro,2017,Manufacturing,979,24316.6
NUTS III,Terras de Trás-os-Montes,2017,Manufacturing,586,31880.9
NUTS III,Oeste,2017,Manufacturing,2556,30988.8
NUTS III,Região de Aveiro,2017,Manufacturing,3660,30988.8
NUTS III,Região de Coimbra,2017,Manufacturing,2566,30988.8
NUTS III,Região de Leiria,2017,Manufacturing,3106,30988.8
NUTS III,Viseu Dão Lafões,2017,Manufacturing,1450,30988.8
NUTS III,Beira Baixa,2017,Manufacturing,529,30988.8
NUTS III,Médio Tejo,2017,Manufacturing,1521,30988.8
NUTS III,Beiras e Serra da Estrela,2017,Manufacturing,1280,30988.8
NUTS III,Área Metropolitana de Lisboa,2017,Manufacturing,10087,51059.4
NUTS III,Alentejo Litoral,2017,Manufacturing,432,35334.7
NUTS III,Baixo Alentejo,2017,Manufacturing,654,35334.7
NUTS III,Lezíria do Tejo,2017,Manufacturing,1312,35334.7
NUTS III,Alto Alentejo,2017,Manufacturing,600,35334.7
NUTS III,Alentejo Central,2017,Manufacturing,1010,35334.7
NUTS III,Algarve,2017,Manufacturing,1845,16238.2
